case,coefficient,x_lower,x_upper,fraction_of_upper,physical_x,objective,pre_fix_status_at_zero,current_native_status
wide_box,-1E-10,0,1E+12,0,0E+12,-0E+2,FALSE_OPTIMAL_AT_ZERO,NUMERICAL_ERROR_AT_ZERO
wide_box,-1E-10,0,1E+12,0.25,2.5E+11,-25,FALSE_OPTIMAL_AT_ZERO,NUMERICAL_ERROR_AT_ZERO
wide_box,-1E-10,0,1E+12,0.5,5E+11,-5E+1,FALSE_OPTIMAL_AT_ZERO,NUMERICAL_ERROR_AT_ZERO
wide_box,-1E-10,0,1E+12,0.75,7.5E+11,-75,FALSE_OPTIMAL_AT_ZERO,NUMERICAL_ERROR_AT_ZERO
wide_box,-1E-10,0,1E+12,1,1E+12,-1E+2,FALSE_OPTIMAL_AT_ZERO,NUMERICAL_ERROR_AT_ZERO
narrow_box,-1E+15,0,1E-13,0,0E-13,-0E+2,FALSE_OPTIMAL_AT_ZERO,OPTIMAL_AT_UPPER
narrow_box,-1E+15,0,1E-13,0.25,2.5E-14,-25,FALSE_OPTIMAL_AT_ZERO,OPTIMAL_AT_UPPER
narrow_box,-1E+15,0,1E-13,0.5,5E-14,-5E+1,FALSE_OPTIMAL_AT_ZERO,OPTIMAL_AT_UPPER
narrow_box,-1E+15,0,1E-13,0.75,7.5E-14,-75,FALSE_OPTIMAL_AT_ZERO,OPTIMAL_AT_UPPER
narrow_box,-1E+15,0,1E-13,1,1E-13,-1E+2,FALSE_OPTIMAL_AT_ZERO,OPTIMAL_AT_UPPER
